종목코드,종목명,종가,대비,등락률,상장시가총액
5930,삼성전자,67600,-2100,-3.01,4.00E+08
660,SK하이닉스,256000,-13000,-4.83,1.86E+08
373220,LG에너지솔루션,349500,-2500,-0.71,8.18E+07
207940,삼성바이오로직스,1000000,-1000,-0.1,7.12E+07
12450,한화에어로스페이스,918000,34000,3.85,4.73E+07
329180,HD현대중공업,508000,-12000,-2.31,4.51E+07
5380,현대차,220000,0,0,4.50E+07
270,기아,106700,900,0.85,4.20E+07
105560,KB금융,107200,-1000,-0.92,4.09E+07
68270,셀트리온,169100,1500,0.89,3.91E+07
34020,두산에너빌리티,59600,-2100,-3.4,3.82E+07
42660,한화오션,115700,3700,3.3,3.55E+07
35420,NAVER,216000,1500,0.7,3.39E+07
55550,신한지주,63700,-1600,-2.45,3.09E+07
12330,현대모비스,322500,4000,1.26,2.96E+07
9540,HD한국조선해양,415500,9000,2.21,2.94E+07
32830,삼성생명,143100,0,0,2.86E+07
28260,삼성물산,166300,-1500,-0.89,2.83E+07
35720,카카오,61150,-1350,-2.16,2.70E+07
15760,한국전력,36500,150,0.41,2.34E+07
86790,하나금융지주,81200,-1000,-1.22,2.31E+07
11200,HMM,22250,150,0.68,2.28E+07
5490,POSCO홀딩스,279000,-6500,-2.28,2.26E+07
138040,메리츠금융지주,125300,-1200,-0.95,2.26E+07
64350,현대로템,192500,400,0.21,2.10E+07
810,삼성화재,453000,9000,2.03,2.08E+07
51910,LG화학,270500,-7000,-2.52,1.91E+07
402340,SK스퀘어,144400,-4600,-3.09,1.91E+07
10140,삼성중공업,20800,-500,-2.35,1.83E+07
316140,우리금융지주,24400,-400,-1.61,1.81E+07
267260,HD현대일렉트릭,487000,-5500,-1.12,1.76E+07
33780,KT&G,137500,2800,2.08,1.68E+07
10130,고려아연,816000,-5000,-0.61,1.63E+07
6400,삼성SDI,203000,-4000,-1.93,1.64E+07
259960,크래프톤,331000,3500,1.07,1.57E+07
34730,SK,206500,-500,-0.24,1.50E+07
24110,기업은행,18890,-130,-0.68,1.51E+07
96770,SK이노베이션,100100,-800,-0.79,1.51E+07
86280,현대글로비스,185600,1200,0.65,1.39E+07
30200,KT,53300,-800,-1.48,1.34E+07
3670,포스코퓨처엠,138550,-2750,-1.95,1.23E+07
9150,삼성전기,161750,1250,0.78,1.21E+07
352820,하이브,285500,-1500,-0.52,1.19E+07
66570,LG전자,72200,-1700,-2.3,1.18E+07
3550,LG,75300,800,1.07,1.18E+07
3230,삼양식품,1558000,-8000,-0.51,1.17E+07
17670,SK텔레콤,54700,500,0.92,1.17E+07
298040,효성중공업,1212000,-28000,-2.26,1.13E+07
18260,삼성에스디에스,146300,-1000,-0.68,1.13E+07
323410,카카오뱅크,23950,-700,-2.84,1.14E+07
267250,HD현대,136900,-200,-0.15,1.08E+07
6800,미래에셋증권,18860,-290,-1.51,1.08E+07
79550,LIG넥스원,491500,2000,0.41,1.08E+07
5830,DB손해보험,137700,5800,4.4,9749160
272210,한화시스템,51100,200,0.39,9653781
443060,HD현대마린솔루션,204000,-9000,-4.23,9145159
100,유한양행,112800,-700,-0.62,9020440
47810,한국항공우주,93700,-1500,-1.58,9133418
3490,대한항공,23600,-150,-0.63,8690008
150,두산,532000,-28000,-5,8790680
278470,에이피알,224000,-3000,-1.32,8384467
10120,LS ELECTRIC,274000,-10500,-3.69,8220000
47050,포스코인터내셔널,47100,-900,-1.88,8285963
10620,HD현대미포,199300,-5200,-2.54,7960470
42700,한미반도체,81700,-5300,-6.09,7787007
377300,카카오페이,58000,-1800,-3.01,7834269
21240,코웨이,104300,100,0.1,7500123
326030,SK바이오팜,97700,-900,-0.91,7651205
180640,한진칼,109700,-2100,-1.88,7323822
90430,아모레퍼시픽,118200,-2100,-1.75,6913844
71050,한국금융지주,128200,-6200,-4.61,7144072
5940,NH투자증권,19150,-280,-1.44,6823995
720,현대건설,60400,-1700,-2.74,6725888
10950,S-Oil,59400,-900,-1.49,6687418
32640,LG유플러스,14390,-460,-3.1,6185230
880,한화,84900,1100,1.31,6363997
64400,LG씨엔에스,65400,-2600,-3.82,6336341
16360,삼성증권,67800,-1000,-1.45,6054540
29780,삼성카드,50100,-400,-0.79,5804530
28050,삼성E&A,29150,50,0.17,5713400
6260,LS,175800,-1800,-1.01,5660760
34220,LG디스플레이,11680,-320,-2.67,5840000
88980,맥쿼리인프라,11590,-60,-0.52,5550706
39490,키움증권,199800,-5700,-2.77,5229879
161390,한국타이어앤테크놀로지,40150,0,0,4973584
251270,넷마블,58800,-1100,-1.84,5054066
241560,두산밥캣,52200,-1200,-2.25,5003687
307950,현대오토에버,170200,-5400,-3.08,4667562
1040,CJ,160500,600,0.38,4682908
9830,한화솔루션,27500,-850,-3,4727045
7660,이수페타시스,64700,-1900,-2.85,4749576
138930,BNK금융지주,14570,170,1.18,4581174
51900,LG생활건강,292500,-3000,-1.02,4475969
175330,JB금융지주,23600,100,0.43,4511922
271560,오리온,108000,200,0.19,4269902
4020,현대제철,31700,-400,-1.25,4230231
78930,GS,45200,-300,-0.66,4199775
36570,엔씨소프트,192900,-10100,-4.98,4155842
454910,두산로보틱스,61600,-900,-1.44,3992911
128940,한미약품,305000,2000,0.66,3907352
35250,강원랜드,17990,-60,-0.33,3848790
11070,LG이노텍,162700,-6400,-3.78,3850638
82740,한화엔진,45650,-1850,-3.89,3809362
302440,SK바이오사이언스,46400,-850,-1.8,3636328
450080,에코프로머티,49200,-1300,-2.57,3440675
36460,한국가스공사,39000,-550,-1.39,3600207
2380,KCC,393500,-4500,-1.13,3496826
97950,CJ제일제당,229000,0,0,3447409
11790,SKC,90400,-3400,-3.62,3423294
52690,한전기술,89800,-2600,-2.81,3432156
62040,산일전기,106300,-5500,-4.92,3236325
4990,롯데지주,30000,800,2.74,3147277
22100,포스코DX,21650,-800,-3.56,3291552
103140,풍산,117600,-1200,-1.01,3295655
439260,대한조선,80700,-5200,-6.05,3109073
31210,서울보증보험,43700,50,0.11,3051204
17800,현대엘리베이터,77200,-1200,-1.53,3017932
12750,에스원,79600,-500,-0.62,3024735
71970,HD현대마린엔진,91900,-100,-0.11,3117385
88350,한화생명,3135,0,0,2722842
8930,한미사이언스,40900,-150,-0.37,2797214
1440,대한전선,15270,-400,-2.55,2847050
11780,금호석유화학,106400,-3200,-2.92,2815300
26960,동서,27500,250,0.92,2741750
11170,롯데케미칼,61700,-1800,-2.83,2639243
489790,한화비전,51000,-2300,-4.32,2574908
111770,영원무역,57700,-1000,-1.7,2556772
192820,코스맥스,210500,-6000,-2.77,2389072
383220,F&F,65200,-1300,-1.95,2497621
462870,시프트업,40800,-850,-2.04,2398294
4370,농심,428000,18000,4.39,2603371
81660,미스토홀딩스,40450,-1300,-3.11,2430877
18880,한온시스템,3560,-15,-0.42,2416395
1450,현대해상,27800,-100,-0.36,2485320
1720,신영증권,150100,1100,0.74,2467644
42670,HD현대인프라코어,13550,-490,-3.49,2558934
483650,달바글로벌,175350,-3350,-1.87,2154423
139130,iM금융지주,13750,40,0.29,2228252
361610,SK아이이테크놀로지,27000,-750,-2.7,2208252
30000,제일기획,19730,-70,-0.35,2269763
2790,아모레퍼시픽홀딩스,27200,0,0,2161262
66970,엘앤에프,63900,-2100,-3.18,2320604
12510,더존비즈온,77600,-2000,-2.51,2357704
18670,SK가스,249000,-8500,-3.3,2302066
240,한국앤컴퍼니,23750,-650,-2.66,2254712
51600,한전KPS,49800,-500,-0.99,2241000
139480,이마트,71500,0,0,1973101
282330,BGF리테일,115000,-2300,-1.96,1987649
34230,파라다이스,20700,-300,-1.43,1908017
20560,아시아나항공,9420,-60,-0.63,1940432
3690,코리안리,10890,50,0.46,2121601
120,CJ대한통운,82700,-800,-0.96,1886581
990,DB하이텍,44400,-1550,-3.37,1971297
3570,SNT다이내믹스,63500,1000,1.6,2111546
28670,팬오션,3880,-15,-0.39,2074130
484870,엠앤씨솔루션,192800,13600,7.59,1764872
23530,롯데쇼핑,66500,400,0.61,1881202
161890,한국콜마,75800,-2000,-2.57,1789265
204320,HL만도,35550,-150,-0.42,1669326
336260,두산퓨얼셀,26350,-2250,-7.87,1725760
69960,현대백화점,72600,-1700,-2.29,1642852
77970,STX엔진,43650,350,0.81,1752463
97230,HJ중공업,20900,2020,10.7,1740432
103590,일진전기,35575,-675,-1.86,1696408
6040,동원산업,42550,-1100,-2.52,1878497
8770,호텔신라,46250,-650,-1.39,1815226
9970,영원무역홀딩스,133100,1100,0.83,1796748
14680,한솔케미칼,160500,-16800,-9.48,1819299
17960,한국카본,32100,-800,-2.43,1666261
112610,씨에스윈드,41350,-400,-0.96,1743788
267270,HD현대건설기계,85200,-2200,-2.52,1478869
4800,효성,86700,-100,-0.12,1451393
47040,대우건설,3645,-75,-2.02,1514945
69620,대웅제약,135100,-900,-0.66,1565346
73240,금호타이어,4945,-15,-0.3,1420502
5850,에스엘,33900,-100,-0.29,1574605
6280,녹십자,128100,-1600,-1.23,1497046
6360,GS건설,18420,-250,-1.34,1576411
7310,오뚜기,393000,9500,2.48,1575077
7340,DN오토모티브,26000,-600,-2.26,1521282
9420,한올바이오파마,29150,-700,-2.35,1522815
10060,OCI홀딩스,86400,-1100,-1.26,1625609
11210,현대위아,51000,700,1.39,1386949
23590,다우기술,33600,-550,-1.61,1507518
395400,SK리츠,5010,55,1.11,1457253
3090,대웅,23900,-800,-3.24,1389593
3540,대신증권,27350,-550,-1.97,1388652
4170,신세계,163900,-1400,-0.85,1580845
375500,DL이앤씨,41600,-750,-1.77,1609655
137310,에스디바이오센서,9910,-110,-1.1,1206534
229640,LS에코에너지,38200,-1400,-3.54,1169870
294870,HDC현대산업개발,19400,-470,-2.37,1278602
300720,한일시멘트,19000,-340,-1.76,1315969
353200,대덕전자,23600,-450,-1.87,1166239
457190,이수스페셜티케미컬,43400,-1250,-2.8,1311039
32350,롯데관광개발,15980,10,0.06,1271041
82640,동양생명,7370,-80,-1.07,1189213
85620,미래에셋생명,7300,210,2.96,1292218
100090,SK오션플랜트,19880,-970,-4.65,1196385
100840,SNT에너지,59000,-2400,-3.91,1220166
7070,GS리테일,16440,230,1.42,1374506
9450,경동나비엔,78500,1000,1.29,1143634
12630,HDC,21250,-250,-1.16,1269512
20150,롯데에너지머티리얼즈,24650,-1300,-5.01,1290809
80,하이트진로,19150,50,0.26,1343059
1120,LX인터내셔널,29500,-200,-0.67,1143420
1800,오리온홀딩스,20750,0,0,1299893
3530,한화투자증권,5380,-160,-2.89,1154267
5070,코스모신소재,41700,-1150,-2.68,1355699
5440,현대지에프홀딩스,7480,-230,-2.98,1166164
499790,GS피앤엘,48200,-700,-1.43,955847
5300,롯데칠성,119800,200,0.17,1111610
120110,코오롱인더,36350,-400,-1.09,1000319
185750,종근당,79100,-800,-1,1091800
192080,더블유게임즈,52100,-600,-1.14,1119937
192400,쿠쿠홀딩스,31650,350,1.12,1125543
280360,롯데웰푸드,115000,-1200,-1.03,1070026
285130,SK케미칼,58000,-1500,-2.52,1000719
298020,효성티앤씨,215500,-3500,-1.6,932615
30190,NICE평가정보,15710,-50,-0.32,934849
30610,교보증권,8660,-40,-0.46,986919
36530,SNT홀딩스,64400,-600,-0.92,1049970
64960,SNT모티브,36400,-800,-2.15,966066
71320,지역난방공사,82300,5400,7.02,952931
75580,세진중공업,15770,570,3.75,896516
89860,롯데렌탈,28400,-400,-1.39,1031187
6120,SK디스커버리,52600,-300,-0.57,965097
9240,한샘,41950,-250,-0.59,987248
415640,KB발해인프라,8750,-150,-1.69,1072274
330590,롯데리츠,3860,40,1.05,1115420
365550,ESR켄달스퀘어리츠,4450,65,1.48,1095096
500,가온전선,59000,-1100,-1.83,976044
1430,세아베스틸지주,27250,-650,-2.33,977243
1740,SK네트웍스,4310,-75,-1.71,953708
3240,태광산업,847000,-20000,-2.31,943050
4000,롯데정밀화학,41400,-300,-0.72,1068120
114090,GKL,16480,-240,-1.44,1019381
475150,SK이터닉스,20300,-150,-0.73,685207
5250,녹십자홀딩스,14780,-360,-2.38,695077
181710,NHN,24950,-1050,-4.04,842465
214320,이노션,18500,140,0.76,740000
248070,솔루엠,16580,-90,-0.54,792793
249420,일동제약,24350,-1100,-4.32,755173
268280,미원에스씨,141100,-2300,-1.6,705500
281820,케이씨텍,31150,-2300,-6.88,644504
298050,HS효성첨단소재,188700,-1400,-0.74,845366
381970,케이카,15850,-50,-0.31,773810
39130,하나투어,51100,-400,-0.78,791536
57050,현대홈쇼핑,56200,600,1.08,674400
69260,TKG휴켐스,17380,-220,-1.25,710470
79160,CJ CGV,4610,-25,-0.54,763329
79900,전진건설로봇,48100,-1300,-2.63,701901
90460,비에이치,18280,-200,-1.08,630009
5690,파미셀,10500,-640,-5.75,630178
6650,대한유화,117700,-4300,-3.52,765050
7700,F&F홀딩스,19150,-110,-0.57,749040
8730,율촌화학,29350,-750,-2.49,727880
14820,동원시스템즈,28400,-250,-0.87,823352
19170,신풍제약,12110,-200,-1.62,641648
25540,한국단자,62100,-900,-1.43,628142
293940,신한알파리츠,5570,20,0.36,673636
451800,한화리츠,3890,-5,-0.13,698644
70,삼양홀딩스,85800,-200,-0.23,760903
210,DL,38100,-900,-2.31,798419
370,한화손해보험,5650,-40,-0.7,659575
640,동아쏘시오홀딩스,108600,-2600,-2.34,709857
670,영풍,37650,-250,-0.66,719433
1270,부국증권,70900,5400,8.24,735225
1530,DI동일,40050,-1100,-2.67,790158
1570,금양,9900,0,0,633275
1680,대상,22600,0,0,783045
2030,아세아,347000,-3000,-0.86,723197
2840,미원상사,146600,-200,-0.14,696350
3030,세아제강지주,177400,-6900,-3.74,734730
3470,유안타증권,3385,-65,-1.88,675634
3620,KG모빌리티,3350,20,0.6,677956
3850,보령,8190,-160,-1.92,702597
4490,세방전지,61600,-700,-1.12,862400
5180,빙그레,71000,400,0.57,678455
108320,LX세미콘,52600,-1200,-2.23,855502
348950,제이알글로벌리츠,2750,40,1.48,542784
357120,코람코라이프인프라리츠,4270,-10,-0.23,415622
432320,KB스타리츠,3850,-50,-1.28,390445
448730,삼성FN리츠,4275,-35,-0.81,389239
320,노루홀딩스,35100,1300,3.85,466519
400,롯데손해보험,1603,-14,-0.87,497469
1060,JW중외제약,21500,50,0.23,500647
1500,현대차증권,7760,-100,-1.27,479824
2020,코오롱,44450,450,1.02,561245
2240,고려제강,17600,-220,-1.23,475200
2350,넥센타이어,5780,-80,-1.37,564520
2710,TCC스틸,16390,-630,-3.7,429642
2960,한국쉘석유,431500,-500,-0.12,560950
3280,흥아해운,1634,-5,-0.31,392854
3300,한일홀딩스,17860,10,0.06,550675
3960,사조대림,41600,0,0,381242
4690,삼천리,128000,600,0.47,519043
4700,조광피혁,69000,1100,1.62,458791
5390,신성통상,4045,0,0,581300
5420,코스모화학,15910,-290,-1.79,611075
5610,SPC삼립,53500,-200,-0.37,461652
5810,풍산홀딩스,40400,350,0.87,582459
5880,대한해운,1698,-16,-0.93,548025
6220,제주은행,13980,-230,-1.62,528424
6380,카프로,3660,0,0,618540
9410,태영건설,1747,-53,-2.94,514435
9900,명신산업,8630,-240,-2.71,452817
10780,아이에스동서,19400,-200,-1.02,585627
14830,유니드,74100,-1900,-2.5,501479
15360,INVENI,63700,2000,3.24,382200
16380,KG스틸,5250,-80,-1.5,525047
16590,신대양제지,10450,100,0.97,421112
16800,퍼시스,43750,-300,-0.68,503125
17810,풀무원,14050,80,0.57,535594
17940,E1,75700,800,1.07,519302
18250,애경산업,15920,-250,-1.55,420446
24720,콜마홀딩스,13200,-690,-4.97,452711
26890,스틱인베스트먼트,10020,-140,-1.38,417615
27410,BGF,3950,-35,-0.88,378081
29530,신도리코,43650,-150,-0.34,439993
33240,자화전자,18340,-1530,-7.7,399017
34120,SBS,20450,-1000,-4.66,379373
34310,NICE,13260,-380,-2.79,492323
37270,YG PLUS,8945,175,2,569005
58650,세아홀딩스,128600,0,0,514400
72710,농심홀딩스,81250,1550,1.94,376820
78520,에이블씨엔씨,14500,780,5.69,377205
89590,제주항공,6430,-160,-2.43,518522
91810,티웨이항공,1825,-17,-0.92,393067
93050,LF,18300,-640,-3.38,535092
93370,후성,5760,-250,-4.16,617791
97520,엠씨넥스,28750,-1250,-4.17,516860
130660,한전산업,12040,-410,-3.29,392504
145720,덴티움,55500,-2000,-3.48,614320
145990,삼양사,48750,-200,-0.41,502781
161000,애경케미칼,10450,-100,-0.95,508379
170900,동아에스티,43000,-1300,-2.93,402164
178920,PI첨단소재,16550,-440,-2.59,486013
183190,아세아시멘트,13310,-420,-3.06,497086
192650,드림텍,6270,-100,-1.57,431941
241590,화승엔터프라이즈,6710,-30,-0.45,406554
271940,일진하이솔루스,17170,-820,-4.56,623497
272450,진에어,8380,-130,-1.53,437436
284740,쿠쿠홈시스,26850,-200,-0.74,602442
322000,HD현대에너지솔루션,42550,-650,-1.5,476560
336370,솔루스첨단소재,7240,-210,-2.82,508374
344820,KCC글라스,29400,-300,-1.01,469533
377740,바이오노트,5530,-160,-2.81,564370
383800,LX홀딩스,7780,-110,-1.39,593464
403550,쏘카,11670,-40,-0.34,383265
453340,현대그린푸드,15960,-140,-0.87,528843
456040,OCI,52600,-1000,-1.87,470901
460860,동국제강,9130,-180,-1.93,452921
95720,웅진씽크빅,1732,-60,-3.35,200056
96760,JW홀딩스,3245,-75,-2.26,239886
100250,진양홀딩스,3195,-15,-0.47,178585
101530,해태제과식품,6550,-120,-1.8,190715
102260,동성케미컬,4145,-30,-0.72,207983
102460,이연제약,10570,-150,-1.4,196463
104700,한국철강,9950,-20,-0.2,362678
105630,한세실업,9170,-130,-1.4,366800
105840,우진,10610,-480,-4.33,214297
107590,미원홀딩스,72000,-200,-0.28,167040
108670,LX하우시스,28000,-400,-1.41,251095
117580,대성에너지,7940,-80,-1,218350
120030,조선선재,103100,-2400,-2.27,129664
122900,아이마켓코리아,8200,-100,-1.2,274116
123690,한국화장품,9710,-290,-2.9,156020
123890,한국자산신탁,2385,-25,-1.04,291862
126560,현대퓨처넷,3200,-60,-1.84,352649
126720,수산인더스트리,22200,-100,-0.45,317149
128820,대성산업,4030,-95,-2.3,182299
134380,미원화학,81600,0,0,179460
136490,선진,11580,-30,-0.26,275368
138490,코오롱ENP,6590,-20,-0.3,250420
139990,아주스틸,3835,55,1.46,148627
194370,제이에스코퍼레이션,10060,-120,-1.18,291909
195870,해성디에스,21800,-650,-2.9,370600
200880,서연이화,11710,-20,-0.17,316503
210540,디와이파워,12200,-290,-2.32,134709
210980,SK디앤디,10010,-90,-0.89,186360
213500,한솔제지,8520,-50,-0.58,202781
214420,토니모리,10120,-180,-1.75,243435
226320,잇츠한불,12220,-230,-1.85,267976
234080,JW생명과학,11480,-60,-0.52,181781
244920,에이플러스에셋,7000,180,2.64,158254
267850,아시아나IDT,11430,-110,-0.95,126873
271980,제일약품,12840,-590,-4.39,188811
272550,삼양패키징,13130,-290,-2.16,201296
286940,롯데이노베이트,21050,-200,-0.94,318473
293480,하나제약,11840,-210,-1.74,210432
298000,효성화학,38900,0,0,147501
298690,에어부산,1977,-22,-1.1,230597
306200,세아제강,131700,-2000,-1.5,373541
317400,자이에스앤디,3375,-35,-1.03,130891
339770,교촌에프앤비,4790,-60,-1.24,239333
363280,티와이홀딩스,3130,-80,-2.49,157844
450140,코오롱모빌리티그룹,3980,5,0.13,249853
452260,한화갤러리아,1117,-10,-0.89,216541
460850,동국씨엠,5340,-60,-1.11,159659
462520,조선내화,13670,-30,-0.22,162060
475560,더본코리아,23800,-600,-2.46,351684
487570,HS효성,58000,-1400,-2.36,216104
14710,사조씨푸드,9120,-30,-0.33,157033
15230,대창단조,6180,-380,-5.79,176576
15860,일진홀딩스,5550,-290,-4.97,273879
15890,태경산업,5370,-70,-1.29,156958
16450,한세예스24홀딩스,3795,-25,-0.65,151800
16580,환인제약,10300,-280,-2.65,191581
16610,DB증권,8770,-50,-0.57,372255
16710,대성홀딩스,8510,-170,-1.96,136921
16880,웅진,4645,-120,-2.52,371261
17390,서울가스,62300,500,0.81,311500
17860,DS단석,20250,-550,-2.64,356080
18470,조일알미늄,1431,-31,-2.12,181210
19440,세아특수강,15800,-150,-0.94,135406
19680,대교,2260,15,0.67,191428
20000,한섬,14900,-160,-1.06,334322
20120,키다리스튜디오,3850,-40,-1.03,142695
24090,디씨엠,12340,0,0,140676
25000,KPX케미칼,51200,-200,-0.39,247808
25820,이구산업,4465,-25,-0.56,149319
25860,남해화학,6810,-210,-2.99,338313
27970,한국제지,797,-4,-0.5,151572
28100,동아지질,15120,-280,-1.82,202449
29460,케이씨,21300,-900,-4.05,281826
30210,다올투자증권,3435,-100,-2.83,209230
31430,신세계인터내셔날,10120,-130,-1.27,357671
31440,신세계푸드,39850,-1150,-2.8,154318
33180,KH 필룩스,5310,0,0,138166
33270,유나이티드제약,20400,-200,-0.97,333210
33530,SJG세종,6180,30,0.49,171934
33920,무학,7790,30,0.39,222015
34830,한국토지신탁,1241,30,2.48,313339
35000,HS애드,8730,170,1.99,144633
35150,백산,14650,-410,-2.72,307679
35510,신세계 I&C,14610,-400,-2.66,204261
36420,콘텐트리중앙,10010,80,0.81,192816
37560,LG헬로비전,2875,-70,-2.38,222660
37710,광주신세계,29900,0,0,237920
39570,HDC랩스,8480,0,0,220120
44450,KSS해운,9410,-90,-0.95,217238
44820,코스맥스비티아이,19210,140,0.73,184491
53210,스카이라이프,5210,-20,-0.38,247595
53690,한미글로벌,20000,-400,-1.96,219151
58430,포스코스틸리온,36200,-1400,-3.72,217200
60980,HL홀딩스,39650,200,0.51,365314
68290,삼성출판사,16110,-290,-1.77,161100
69460,대호에이엘,1737,6,0.35,146049
70960,모나용평,4055,-120,-2.87,195181
71840,롯데하이마트,8310,-40,-0.48,196180
78000,텔코웨어,14960,550,3.82,138232
79430,현대리바트,7090,-160,-2.21,145595
81000,일진다이아,12260,-620,-4.81,174128
83420,그린케미칼,7020,-130,-1.82,168480
84010,대한제강,15180,-480,-3.07,355431
84680,이월드,1445,-24,-1.63,204910
84690,대상홀딩스,9350,-150,-1.58,338587
89470,HDC현대EP,3995,-40,-0.99,127441
90350,노루페인트,9380,0,0,187600
92200,디아이씨,4405,-15,-0.34,171304
92220,KEC,682,-15,-2.15,136920
92230,KPX홀딩스,66500,-300,-0.45,280939
92790,넥스틸,12600,-530,-4.04,327625
93230,이아이디,1392,0,0,354103
94280,효성ITX,12770,-90,-0.7,147598
95570,AJ네트웍스,4300,-60,-1.38,194587
4080,신흥,13850,-40,-0.29,131575
4090,한국석유,13830,10,0.07,175560
4140,동방,2980,-105,-3.4,142956
4150,한솔홀딩스,3075,-80,-2.54,126157
4250,NPC,4030,-40,-0.98,147982
4360,세방,13690,-280,-2,261693
4380,삼익THK,9960,0,0,209160
4430,송원산업,10110,-240,-2.32,242640
4560,현대비앤지스틸,11390,-180,-1.56,171748
4710,한솔테크닉스,5280,-40,-0.75,169540
4970,신라교역,9030,-120,-1.31,144480
4980,성신양회,10150,-310,-2.96,248838
5010,휴스틸,3980,-70,-1.73,223629
5090,SGC에너지,22750,-200,-0.87,327812
5430,한국공항,63800,-100,-0.16,202013
5500,삼진제약,18890,-90,-0.47,262571
5680,삼영전자,10200,-180,-1.73,204000
5720,넥센,5820,60,1.04,311626
5800,신영와코루,14220,-150,-1.04,127980
5950,이수화학,5430,-70,-1.27,142777
5960,동부건설,5500,130,2.42,126207
6060,화승인더,4180,-90,-2.11,231238
6110,삼아알미늄,21950,-400,-1.79,322927
6340,대원전선,2785,-45,-1.59,208817
6390,한일현대시멘트,18530,-310,-1.65,358142
6840,AK홀딩스,11220,-360,-3.11,148638
7110,일신석재,2060,-55,-2.6,159561
7160,사조산업,53100,1200,2.31,265500
7210,벽산,2100,-45,-2.1,140406
7460,에이프로젠,675,-9,-1.32,215505
7540,샘표,50700,1500,3.05,145803
7570,일양약품,12340,-140,-1.12,235517
7690,국도화학,35850,-400,-1.1,332001
7810,코리아써키트,12160,-380,-3.03,287228
7860,서연,9080,-90,-0.98,213197
8040,사조동아원,1113,-10,-0.89,157094
8060,대덕,7835,-85,-1.07,265529
8110,대동전자,15040,0,0,157776
8350,남선알미늄,1133,-15,-1.31,146247
8490,서흥,28850,-950,-3.19,333769
8970,동양철관,1415,0,0,226120
9070,KCTC,5510,-70,-1.25,165300
9160,SIMPAC,4205,-35,-0.83,275131
9270,신원,1678,-61,-3.51,185630
9290,광동제약,6000,-70,-1.15,314525
9470,삼화전기,23950,-600,-2.44,158401
9580,무림P&P,2610,-10,-0.38,162781
9680,모토닉,10430,120,1.16,292562
10100,한국무브넥스,4205,-125,-2.89,128044
10580,에스엠벡셀,1476,-25,-1.67,164208
10690,화신,8725,15,0.17,304681
10820,퍼스텍,4320,130,3.1,210695
11000,진원생명과학,2225,-30,-1.33,188941
11280,태림포장,1984,-9,-0.45,140479
11330,유니켐,1597,-42,-2.56,148647
11500,한농화성,13980,-400,-2.78,218606
11760,현대코퍼레이션,21550,-650,-2.93,285084
11930,신성이엔지,1521,-40,-2.56,313095
12030,DB,1552,176,12.79,312222
12320,경동인베스트,57300,-900,-1.55,135516
12610,경인양행,3080,-60,-1.91,128178
13580,계룡건설,19570,-270,-1.36,174778
13890,지누스,16430,-380,-2.26,365643
14580,태경비케이,4835,-5,-0.1,133364
0030R0,대신밸류리츠,4325,-25,-0.57,258549
88260,이리츠코크렙,4480,-5,-0.11,283770
334890,이지스밸류플러스리츠,4320,-10,-0.23,222236
350520,이지스레지던스리츠,3960,-5,-0.13,145990
377190,디앤디플랫폼리츠,3220,-10,-0.31,284648
400760,NH올원리츠,3180,40,1.27,139182
404990,신한서부티엔디리츠,3430,-10,-0.29,195528
417310,코람코더원리츠,5760,-20,-0.35,232704
20,동화약품,6180,-50,-0.8,172616
50,경방,6980,-220,-3.06,191359
140,하이트진로홀딩스,10050,-50,-0.5,233228
300,DH오토넥스,1984,0,0,162944
390,삼화페인트,6030,0,0,164037
430,대원강업,3980,-50,-1.24,246760
480,CR홀딩스,4995,-15,-0.3,234218
490,대동,9660,-240,-2.42,254953
520,삼일제약,9650,-280,-2.82,209326
540,흥국화재,4090,-90,-2.15,262752
680,LS네트웍스,3995,-65,-1.6,314818
700,유수홀딩스,5770,-10,-0.17,150261
860,강남제비스코,11480,-160,-1.37,149240
970,한국주철관,6770,40,0.59,154359
1020,페이퍼코리아,722,-6,-0.82,128504
1130,대한제분,141100,-1800,-1.26,238459
1200,유진투자증권,3390,-65,-1.88,328377
1230,동국홀딩스,7350,-130,-1.74,233734
1250,GS글로벌,2515,-30,-1.18,207572
1340,PKC,5800,-50,-0.85,260527
1360,삼성제약,1519,-43,-2.75,143032
1390,KG케미칼,4595,-165,-3.47,314615
1460,BYC,40050,-200,-0.5,250158
1510,SK증권,642,-8,-1.23,303403
1520,동양,621,-8,-1.27,148223
1630,종근당홀딩스,47550,-700,-1.45,238219
1750,한양증권,17270,-120,-0.69,219822
1780,알루코,2100,-70,-3.23,203343
1790,대한제당,2915,-35,-1.19,261466
1820,삼화콘덴서,25600,50,0.2,266112
1940,KISCO홀딩스,25400,-700,-2.68,360080
2100,경농,9570,-120,-1.24,186831
2150,도화엔지니어링,6460,-140,-2.12,217831
2170,삼양통상,54300,-500,-0.91,162900
2310,아세아제지,7810,-120,-1.51,325150
2320,한진,20500,200,0.99,312318
2390,한독,11750,-10,-0.09,161722
2620,제일파마홀딩스,8590,-230,-2.61,137211
2810,삼영무역,15640,-280,-1.76,288823
2900,TYM,5630,-180,-3.1,253637
2990,금호건설,3810,20,0.53,140958
3000,부광약품,3265,-60,-1.8,322140
3070,코오롱글로벌,8800,30,0.34,166608
3120,일성아이에스,25200,1550,6.55,335160
3160,디아이,12640,-300,-2.32,357712
3200,일신방직,9820,-180,-1.8,225467
3220,대원제약,13000,-100,-0.76,291559
3350,한국화장품제조,58500,1000,1.74,265122
3460,유화증권,2700,-25,-0.92,153097
3480,한진중공업홀딩스,4925,65,1.34,145434
3520,영진약품,1995,-15,-0.75,364871
3610,방림,4600,-25,-0.54,184930
3650,미창석유,109200,-200,-0.18,189972
3720,삼영,5160,60,1.18,175440
3830,대한화섬,116800,-800,-0.68,155110
3920,남양유업,56100,-700,-1.23,336600
36580,팜스코,2720,-60,-2.16,99900
41650,상신브레이크,2840,-35,-1.22,60979
44380,주연테크,514,12,2.39,34132
47400,유니온머티리얼,1419,-64,-4.32,59598
49800,우진플라임,2230,65,3,44600
51630,진양화학,1971,-13,-0.66,41785
55490,테이팩스,14800,-40,-0.27,70591
58730,다스코,2885,-90,-3.03,54229
58850,KTcs,2845,20,0.71,121439
58860,KTis,2920,20,0.69,101622
63160,종근당바이오,22550,-350,-1.53,123708
67830,세이브존I&C,2635,0,0,108143
69640,한세엠케이,839,-25,-2.89,37593
69730,DSR제강,3805,-135,-3.43,54792
71090,하이스틸,4405,-180,-3.93,88943
71950,코아스,7420,-1150,-13.42,24417
72130,유엔젤,5420,-50,-0.91,69893
74610,이엔플러스,511,0,0,37494
75180,새론오토모티브,3150,10,0.32,60480
77500,유니퀘스트,5760,-140,-2.37,124417
79980,휴비스,3000,-90,-2.91,103500
84670,동양고속,8170,-100,-1.21,23657
84870,TBH글로벌,1496,4,0.27,31202
85310,엔케이,1327,-42,-3.07,104674
88790,진도,1882,-22,-1.16,23427
90080,평화산업,1006,2,0.2,55232
90370,메타랩스,1285,-13,-1,32003
91090,세원이앤씨,1270,0,0,66998
92440,기신정기,2450,-10,-0.41,71540
92780,DYP,4005,-115,-2.79,52740
93240,형지엘리트,1675,-57,-3.29,64304
100220,비상교육,5230,-100,-1.88,67973
101140,인바이오젠,12380,190,1.56,124347
102280,쌍방울,2690,0,0,70637
109070,주성코퍼레이션,851,-28,-3.19,44942
111110,호전실업,6900,-80,-1.15,64694
111380,동인기연,13510,-170,-1.24,82789
118000,메타케어,315,-3,-0.94,54110
119650,KC코트렐,918,0,0,100783
123700,SJM,3565,175,5.16,55631
129260,인터지스,2655,-45,-1.67,78981
133820,화인베스틸,2060,15,0.73,63502
134790,시디즈,25750,-600,-2.28,51500
143210,핸즈코퍼레이션,1642,14,0.86,35920
145210,다이나믹디자인,758,-22,-2.82,27525
155660,DSR,3700,-85,-2.25,59200
163560,동일고무벨트,6880,-100,-1.43,95632
214330,금호에이치티,570,-12,-2.06,124233
214390,경보제약,4860,-10,-0.21,116187
227840,현대코퍼레이션홀딩스,12070,-160,-1.31,109847
248170,샘표식품,25900,-50,-0.19,118319
264900,크라운제과,9310,-90,-0.96,116597
267290,경동도시가스,20000,90,0.45,117908
308170,씨티알모빌리티,5010,-120,-2.34,43136
372910,한컴라이프케어,2685,-35,-1.29,74306
378850,화승알앤에이,2985,-30,-1,56696
446070,유니드비티플러스,3885,-35,-0.89,41225
465770,STX그린로지스,7530,230,3.15,53998
480370,씨케이솔루션,9580,-220,-2.24,104756
11300,성안머티리얼스,377,-20,-5.04,58668
11390,부산산업,85700,-2500,-2.83,90499
11420,갤럭시아에스엠,2265,0,0,62400
11690,와이투솔루션,3025,-10,-0.33,110638
11700,한신기계,3470,-75,-2.12,112588
11810,STX,3530,0,0,109493
12160,영흥,612,7,1.16,62002
12170,아센디오,2090,-105,-4.78,22726
12200,계양전기,1434,-14,-0.97,39038
12280,영화금속,909,-6,-0.66,46963
12690,모나리자,2455,-15,-0.61,89782
12800,대창,1290,-9,-0.69,117571
13000,세우글로벌,1056,-18,-1.68,30313
13360,일성건설,1415,2,0.14,76445
13520,화승코퍼레이션,1920,0,0,96098
13570,디와이,4230,15,0.36,111332
13700,까뮤이앤씨,1158,-2,-0.17,69191
13870,지엠비코리아,4055,-45,-1.1,77338
14130,한익스프레스,3260,-50,-1.51,39120
14160,대영포장,1149,6,0.52,124545
14280,금강공업,4230,-75,-1.74,124063
14440,영보화학,4245,-45,-1.05,84900
14530,극동유화,3325,-20,-0.6,115941
14790,HL D&I,2465,15,0.61,93321
14910,성문전자,1186,-14,-1.17,26639
14990,인디에프,1142,-60,-4.99,85779
15020,이스타코,615,-3,-0.49,26354
15260,에이엔피,484,-10,-2.02,21837
15590,DKME,515,0,0,122045
16090,대현,1800,0,0,79708
16740,두올,3310,-115,-3.36,103619
17040,광명전기,1106,-13,-1.16,47931
17180,명문제약,1710,-12,-0.7,58060
17370,우신시스템,6850,-240,-3.39,125451
17550,수산세보틱스,1850,-27,-1.44,115438
17900,광전자,1850,-25,-1.33,107196
18500,동원금속,1402,-29,-2.03,65550
19180,티에이치엔,5170,275,5.62,93060
19490,엑시큐어하이트론,689,0,0,52662
20760,일진디스플,900,-21,-2.28,46362
21050,서원,1191,25,2.14,56542
21820,세원정공,9910,-190,-1.88,99100
23000,삼원강재,2475,-5,-0.2,99000
23150,MH에탄올,5260,-40,-0.75,38811
23350,한국종합기술,4890,-90,-1.81,53546
23450,동남합성,31475,25,0.08,110163
23800,인지컨트롤스,5430,-160,-2.86,85844
23810,인팩,6800,-90,-1.31,68000
23960,에쓰씨엔지니어링,1184,-31,-2.55,45035
24070,WISCOM,2030,-15,-0.73,31113
24890,대원화성,864,-15,-1.71,35639
24900,디와이덕양,2325,-15,-0.64,75714
25530,SJM홀딩스,3540,40,1.14,52866
25560,미래산업,10340,-20,-0.19,46351
25620,제이준코스메틱,7680,750,10.82,61676
25750,한솔홈데코,688,-10,-1.43,55429
25890,한국주강,1811,-9,-0.49,20481
26940,부국철강,2320,10,0.43,46400
27740,마니커,820,-13,-1.56,52079
30720,동원수산,6080,40,0.66,28295
31820,아이티센씨티에스,601,-10,-1.64,72752
32560,황금에스티,5600,-80,-1.41,95200
33250,체시스,1091,-10,-0.91,34912
34590,인천도시가스,26000,100,0.39,113744
4410,서울식품,153,-1,-0.65,57338
4440,삼일씨엔에스,4860,-45,-0.92,61877
4450,삼화왕관,34850,-400,-1.13,75080
4540,깨끗한나라,2095,60,2.95,78019
4720,팜젠사이언스,4300,-110,-2.49,80808
4770,써니전자,1601,-12,-0.74,58761
4830,덕성,5770,380,7.05,90474
4840,DRB동일,4975,-25,-0.5,99152
4870,티웨이홀딩스,553,-18,-3.15,62579
4890,동일산업,40150,50,0.12,97372
4910,조광페인트,5480,-120,-2.14,70144
4920,씨아이테크,1154,-2,-0.17,57776
4960,한신공영,7800,-240,-2.99,90251
5030,부산주공,486,0,0,38289
5110,한창,1254,0,0,26467
5320,온타이드,529,-12,-2.22,36171
5360,모나미,2335,145,6.62,44125
5740,크라운해태홀딩스,7170,-200,-2.71,106455
5750,대림바스,4465,-40,-0.89,74442
5820,원림,14430,-170,-1.16,33160
5870,휴니드,8160,-20,-0.24,115187
6090,사조오양,10050,80,0.8,94699
6200,한국전자홀딩스,705,-2,-0.28,32996
6370,대구백화점,6590,60,0.92,71314
6490,인스코비,824,-12,-1.44,102589
6570,대림통상,2805,-70,-2.43,42706
6660,삼성공조,12620,-370,-2.85,102554
6740,영풍제지,996,0,0,55684
6880,신송홀딩스,6740,-90,-1.32,79727
6890,태경케미컬,9470,-190,-1.97,109852
6980,우성,16650,-150,-0.89,51449
7120,미래아이앤지,963,-38,-3.8,27810
7280,한국특강,1556,-54,-3.35,94626
7590,동방아그로,6230,-30,-0.48,84838
7610,선도전기,3000,0,0,54000
7980,TP,1737,-85,-4.67,88891
8250,이건산업,4905,-30,-0.61,53723
8260,NI스틸,3485,-60,-1.69,99671
8420,문배철강,2165,-40,-1.81,44390
8500,일정실업,11440,0,0,13728
8600,윌비스,362,-2,-0.55,24339
8700,아남전자,1318,-27,-2.01,101651
8870,금비,55300,200,0.36,55300
9140,경인전자,20850,100,0.48,32751
9180,한솔로지스틱스,2710,-75,-2.69,76302
9190,대양금속,1613,73,4.74,69670
9200,무림페이퍼,2015,-25,-1.23,83843
9310,참엔지니어링,1272,-32,-2.45,21590
9320,아진전자부품,1065,11,1.04,52504
9440,KC그린홀딩스,756,0,0,17569
9460,한창제지,642,-2,-0.31,38307
9770,삼정펄프,26550,-100,-0.38,66374
9810,플레이그램,339,-3,-0.88,51490
10040,한국내화,2200,-40,-1.79,90348
10400,우진아이엔에스,2910,-60,-2.02,22180
10420,한솔PNS,1880,0,0,38527
10600,웰바이오텍,545,0,0,49553
10640,진양폴리,3985,10,0.25,39850
10660,화천기계,4255,280,7.04,93610
10770,평화홀딩스,4115,-45,-1.08,60184
10960,삼호개발,3380,-20,-0.59,84500
11090,에넥스,578,-23,-3.83,34675
11150,CJ씨푸드,2890,15,0.52,103840
11230,삼화전자,3760,-85,-2.21,63554
140910,에이리츠,3130,0,0,13969
145270,케이탑리츠,962,0,0,46234
204210,스타에스엠리츠,2035,0,0,15928
338100,NH프라임리츠,4520,-30,-0.66,84343
357250,미래에셋맵스리츠,2605,-15,-0.57,65112
357430,마스턴프리미어리츠,1523,-1,-0.07,46460
396690,미래에셋글로벌리츠,2700,-20,-0.74,106936
481850,신한글로벌액티브리츠,1407,-11,-0.78,61173
40,KR모터스,548,-6,-1.08,32953
180,성창기업지주,1705,-15,-0.87,118926
220,유유제약,4230,-125,-2.87,72047
230,일동홀딩스,9010,-210,-2.28,103979
590,CS홀딩스,82400,-1000,-1.2,95129
650,천일고속,41500,0,0,59313
760,이화산업,12360,510,4.3,34608
850,화천기공,30000,-250,-0.83,66000
890,보해양조,447,-6,-1.32,62187
910,유니온,4495,-85,-1.86,70174
950,전방,32150,-600,-1.83,54012
1070,대한방직,6430,-70,-1.08,34079
1080,만호제강,28000,250,0.9,116200
1140,국보,2110,0,0,33457
1210,금호전기,997,-73,-6.82,61369
1260,남광토건,8950,-210,-2.29,88002
1290,상상인증권,675,-7,-1.03,73128
1380,SG글로벌,1615,-13,-0.8,72617
1420,태원물산,3510,-50,-1.4,26676
1470,삼부토건,347,0,0,79700
1550,조비,12560,-320,-2.48,65215
1560,제일연마,10500,100,0.96,102900
1620,케이비아이동국실업,489,3,0.62,54422
1770,SHD,17160,50,0.29,20847
2070,비비안,755,24,3.28,34123
2140,고려산업,2660,-40,-1.48,66339
2200,한국수출포장,2870,-25,-0.86,114800
2210,동성제약,973,0,0,25901
2220,한일철강,2880,45,1.59,76889
2360,SH에너지화학,436,-2,-0.46,48454
2410,범양건영,1935,0,0,53173
2420,세기상사,5150,-30,-0.58,30745
2450,삼익악기,1254,-6,-0.48,113526
2460,HS화성,10180,-40,-0.39,103327
2600,조흥,151700,0,0,91020
2630,오리엔트바이오,589,-2,-0.34,69845
2690,동일제강,1605,5,0.31,32582
2700,신일전자,1319,-23,-1.71,93712
2720,국제약품,4650,-50,-1.06,98393
2760,보락,1029,-2,-0.19,61637
2780,진흥기업,713,-5,-0.7,103721
2820,SUN&L,2780,20,0.72,35050
2870,신풍,1059,-21,-1.94,37021
2880,대유에이텍,1148,-5,-0.43,53662
2920,유성기업,2085,-20,-0.95,54101
3010,혜인,5270,-60,-1.13,66996
3060,에이프로젠바이오로직스,608,-4,-0.65,120632
3080,SB성보,2790,15,0.54,55856
3560,IHQ,10760,0,0,76221
3580,HLB글로벌,2260,125,5.85,113715
3680,한성기업,5580,180,3.33,34649
3780,진양산업,6120,-20,-0.33,79560
4060,SG세계물산,317,-2,-0.63,64169
4100,태양금속,2080,-70,-3.26,76336
4270,남성,1021,-11,-1.07,36973
4310,현대약품,3825,-80,-2.05,122400
